Country,1990,1991,1992,1993,1994,1995,1996,1997,1998,1999,2000,2001,2002,2003,2004,2005,2006,2007,2008,2009,2010,2011,2012,2013,2014
Afghanistan,<500 [<200 - 1100],<1000 [<500 - 1400],<1000 [<500 - 1900],1000 [<500 - 2300],1200 [<500 - 2700],1400 [<1000 - 3000],1500 [<1000 - 3100],1600 [<1000 - 3400],1800 [<1000 - 3500],1900 [<1000 - 3800],2100 [1100 - 4000],2300 [1200 - 4400],2500 [1400 - 4700],2800 [1600 - 5100],3000 [1800 - 5600],3300 [2000 - 6200],3600 [2200 - 6500],3800 [2400 - 6900],4100 [2600 - 7500],4400 [2800 - 8000],4800 [3100 - 8900],5200 [3300 - 9800],5600 [3600 - 11 000],6100 [3800 - 12 000],6700 [4100 - 13 000]
Algeria,<500 [<100 - 5200],<500 [<100 - 5600],<1000 [<100 - 6200],<1000 [<100 - 6600],<1000 [<100 - 7200],<1000 [<100 - 7900],1100 [<100 - 8800],1300 [<100 - 9500],1500 [<200 - 10 000],1800 [<200 - 11 000],2000 [<200 - 12 000],2400 [<500 - 13 000],2700 [<500 - 14 000],3100 [<500 - 15 000],3500 [<500 - 15 000],4000 [<500 - 16 000],4500 [<1000 - 17 000],5100 [<1000 - 18 000],5700 [<1000 - 19 000],6500 [1100 - 20 000],7200 [1200 - 20 000],8000 [1600 - 21 000],8800 [1900 - 23 000],9600 [2300 - 24 000],11 000 [2600 - 26 000]
Angola,27 000 [12 000 - 69 000],32 000 [15 000 - 81 000],39 000 [18 000 - 94 000],46 000 [22 000 - 110 000],55 000 [27 000 - 120 000],64 000 [33 000 - 130 000],74 000 [40 000 - 150 000],86 000 [47 000 - 160 000],97 000 [56 000 - 170 000],110 000 [65 000 - 190 000],120 000 [76 000 - 200 000],140 000 [87 000 - 220 000],150 000 [99 000 - 230 000],160 000 [110 000 - 250 000],180 000 [120 000 - 260 000],190 000 [130 000 - 280 000],200 000 [140 000 - 290 000],220 000 [150 000 - 310 000],230 000 [160 000 - 330 000],240 000 [170 000 - 340 000],260 000 [180 000 - 360 000],270 000 [190 000 - 380 000],280 000 [200 000 - 400 000],290 000 [210 000 - 410 000],300 000 [220 000 - 430 000]
Argentina,19 000 [11 000 - 26 000],23 000 [13 000 - 31 000],26 000 [16 000 - 36 000],30 000 [18 000 - 42 000],35 000 [21 000 - 48 000],39 000 [24 000 - 53 000],43 000 [26 000 - 59 000],47 000 [29 000 - 65 000],51 000 [31 000 - 71 000],56 000 [34 000 - 77 000],61 000 [37 000 - 83 000],65 000 [40 000 - 89 000],70 000 [43 000 - 96 000],76 000 [46 000 - 100 000],81 000 [49 000 - 110 000],85 000 [52 000 - 120 000],90 000 [55 000 - 120 000],95 000 [58 000 - 130 000],100 000 [61 000 - 140 000],100 000 [64 000 - 140 000],110 000 [67 000 - 150 000],110 000 [70 000 - 160 000],120 000 [72 000 - 160 000],120 000 [75 000 - 170 000],130 000 [78 000 - 170 000]
Armenia,<100 [<100 - <100],<100 [<100 - <500],<100 [<100 - <1000],<100 [<100 - <1000],<100 [<100 - <1000],<100 [<100 - <1000],<200 [<100 - <1000],<500 [<100 - <1000],<500 [<100 - <1000],<1000 [<200 - 1400],<1000 [<500 - 2000],1400 [<500 - 2900],1900 [<1000 - 3700],2300 [1200 - 4300],2700 [1400 - 4700],2900 [1600 - 4900],3100 [1800 - 5000],3200 [1900 - 5100],3300 [2100 - 5200],3400 [2200 - 5200],3500 [2300 - 5100],3600 [2400 - 5200],3700 [2500 - 5400],3800 [2600 - 5600],4000 [2700 - 5900]
Azerbaijan,<100 [<100 - <100],<100 [<100 - <100],<100 [<100 - <200],<100 [<100 - <200],<100 [<100 - <500],<200 [<100 - <500],<500 [<100 - <500],<500 [<200 - <1000],<1000 [<200 - 1400],<1000 [<500 - 2100],1200 [<500 - 2700],1700 [<1000 - 3300],2200 [<1000 - 4000],2700 [1300 - 4700],3300 [1800 - 5300],3800 [2200 - 6100],4300 [2700 - 6800],4800 [3100 - 7500],5300 [3500 - 8200],5900 [3900 - 9000],6400 [4300 - 9700],6900 [4600 - 10 000],7400 [4900 - 11 000],7900 [5200 - 12 000],8400 [5600 - 12 000]
Bangladesh,<100 [<100 - <100],<100 [<100 - <100],<100 [<100 - <100],<100 [<100 - <100],<200 [<200 - <200],<200 [<200 - <200],<500 [<500 - <500],<500 [<500 - <500],<500 [<500 - <500],<1000 [<1000 - <1000],1000 [<1000 - 1100],1400 [1300 - 1500],2000 [1800 - 2100],2600 [2300 - 2800],3300 [3000 - 3600],4100 [3600 - 4400],4800 [4300 - 5200],5500 [5000 - 6000],6200 [5600 - 6800],6900 [6200 - 7500],7500 [6800 - 8200],8000 [7200 - 8800],8400 [7600 - 9200],8700 [7800 - 9500],8900 [8000 - 9800]
Belarus,<100 [<100 - <1000],<200 [<100 - <1000],<500 [<100 - 1000],<500 [<100 - 1400],<1000 [<200 - 1800],1000 [<500 - 2500],1700 [<1000 - 3400],2500 [1200 - 4600],3700 [2000 - 6100],5200 [3200 - 7900],6900 [4600 - 9800],8800 [6300 - 12 000],11 000 [8000 - 14 000],13 000 [9700 - 17 000],14 000 [11 000 - 18 000],16 000 [13 000 - 20 000],17 000 [14 000 - 22 000],19 000 [15 000 - 24 000],20 000 [16 000 - 26 000],22 000 [17 000 - 27 000],23 000 [18 000 - 29 000],25 000 [20 000 - 31 000],26 000 [21 000 - 33 000],28 000 [23 000 - 35 000],29 000 [24 000 - 36 000]
Belize,<100 [<100 - <100],<100 [<100 - <100],<100 [<100 - <100],<100 [<100 - <200],<100 [<100 - <500],<200 [<100 - <1000],<500 [<100 - <1000],<1000 [<500 - 1400],1100 [<500 - 1900],1500 [<1000 - 2300],1900 [1300 - 2500],2100 [1600 - 2600],2200 [1800 - 2700],2200 [1900 - 2700],2300 [2000 - 2800],2400 [2100 - 2800],2400 [2100 - 2800],2400 [2200 - 2900],2500 [2200 - 2900],2500 [2200 - 2900],2500 [2200 - 2900],2500 [2300 - 2900],2600 [2300 - 3000],2600 [2200 - 7700],2700 [2200 - 7700]
Benin,13 000 [9300 - 18 000],16 000 [12 000 - 21 000],19 000 [14 000 - 25 000],23 000 [17 000 - 29 000],27 000 [21 000 - 33 000],32 000 [25 000 - 38 000],37 000 [29 000 - 43 000],41 000 [34 000 - 48 000],45 000 [38 000 - 52 000],49 000 [41 000 - 56 000],52 000 [44 000 - 60 000],55 000 [47 000 - 63 000],58 000 [50 000 - 66 000],60 000 [52 000 - 68 000],61 000 [53 000 - 69 000],62 000 [54 000 - 71 000],63 000 [55 000 - 71 000],63 000 [55 000 - 72 000],64 000 [56 000 - 72 000],67 000 [58 000 - 76 000],70 000 [61 000 - 79 000],74 000 [64 000 - 84 000],76 000 [66 000 - 86 000],77 000 [67 000 - 87 000],78 000 [68 000 - 90 000]
Bolivia (Plurinational State of),<1000 [<200 - 1600],<1000 [<500 - 2200],1100 [<500 - 2700],1600 [<1000 - 3300],2100 [<1000 - 4100],2800 [1300 - 5300],3500 [1700 - 7000],4200 [2200 - 8500],5100 [2800 - 10 000],5900 [3500 - 12 000],6700 [4100 - 13 000],7600 [4900 - 14 000],8500 [5600 - 15 000],9500 [6300 - 16 000],11 000 [7000 - 17 000],11 000 [7600 - 17 000],12 000 [8100 - 17 000],13 000 [8800 - 17 000],14 000 [9800 - 18 000],15 000 [10 000 - 20 000],15 000 [11 000 - 22 000],16 000 [12 000 - 24 000],17 000 [12 000 - 26 000],17 000 [13 000 - 27 000],18 000 [13 000 - 29 000]
Botswana,48 000 [43 000 - 55 000],70 000 [63 000 - 78 000],97 000 [89 000 - 110 000],130 000 [120 000 - 140 000],160 000 [150 000 - 170 000],190 000 [180 000 - 210 000],220 000 [210 000 - 240 000],250 000 [240 000 - 270 000],270 000 [260 000 - 290 000],290 000 [280 000 - 310 000],310 000 [290 000 - 320 000],320 000 [300 000 - 330 000],320 000 [310 000 - 340 000],320 000 [310 000 - 340 000],330 000 [310 000 - 340 000],330 000 [320 000 - 350 000],340 000 [320 000 - 350 000],340 000 [330 000 - 360 000],350 000 [330 000 - 360 000],350 000 [340 000 - 370 000],360 000 [340 000 - 380 000],370 000 [350 000 - 390 000],380 000 [360 000 - 390 000],380 000 [370 000 - 400 000],390 000 [370 000 - 410 000]
Brazil,[230 000 - 360 000],[240 000 - 390 000],[250 000 - 410 000],[260 000 - 430 000],[270 000 - 440 000],[280 000 - 460 000],[290 000 - 470 000],[310 000 - 490 000],[320 000 - 520 000],[340 000 - 550 000],[360 000 - 570 000],[370 000 - 600 000],[390 000 - 630 000],[410 000 - 660 000],[430 000 - 700 000],[450 000 - 730 000],[470 000 - 760 000],[490 000 - 790 000],[500 000 - 820 000],[520 000 - 850 000],[540 000 - 880 000],[560 000 - 910 000],[580 000 - 950 000],[590 000 - 980 000],[610 000 - 1 000 000]
Burkina Faso,150 000 [120 000 - 190 000],170 000 [130 000 - 210 000],180 000 [140 000 - 220 000],190 000 [150 000 - 230 000],190 000 [160 000 - 240 000],200 000 [160 000 - 240 000],190 000 [160 000 - 230 000],190 000 [160 000 - 230 000],180 000 [150 000 - 220 000],170 000 [150 000 - 210 000],170 000 [140 000 - 200 000],160 000 [130 000 - 180 000],150 000 [120 000 - 170 000],140 000 [120 000 - 160 000],130 000 [110 000 - 150 000],120 000 [100 000 - 140 000],120 000 [99 000 - 140 000],110 000 [96 000 - 130 000],110 000 [93 000 - 130 000],110 000 [91 000 - 130 000],110 000 [92 000 - 120 000],110 000 [92 000 - 120 000],110 000 [92 000 - 130 000],110 000 [93 000 - 130 000],110 000 [92 000 - 130 000]
Burundi,38 000 [18 000 - 92 000],47 000 [25 000 - 100 000],57 000 [32 000 - 110 000],68 000 [41 000 - 120 000],79 000 [52 000 - 130 000],90 000 [62 000 - 140 000],100 000 [73 000 - 150 000],110 000 [83 000 - 150 000],110 000 [90 000 - 160 000],120 000 [96 000 - 160 000],120 000 [100 000 - 160 000],130 000 [110 000 - 160 000],130 000 [110 000 - 160 000],130 000 [110 000 - 160 000],120 000 [110 000 - 150 000],120 000 [100 000 - 150 000],120 000 [100 000 - 140 000],110 000 [99 000 - 140 000],110 000 [95 000 - 130 000],100 000 [91 000 - 130 000],100 000 [87 000 - 120 000],95 000 [82 000 - 130 000],91 000 [78 000 - 120 000],88 000 [75 000 - 120 000],85 000 [72 000 - 110 000]
Cambodia,1500 [<500 - 3400],4300 [1400 - 9400],12 000 [4200 - 27 000],27 000 [10 000 - 61 000],48 000 [19 000 - 100 000],70 000 [30 000 - 150 000],89 000 [41 000 - 180 000],100 000 [49 000 - 210 000],110 000 [55 000 - 220 000],120 000 [58 000 - 220 000],120 000 [60 000 - 220 000],110 000 [61 000 - 210 000],110 000 [61 000 - 200 000],100 000 [59 000 - 190 000],98 000 [57 000 - 180 000],93 000 [57 000 - 170 000],90 000 [56 000 - 160 000],88 000 [56 000 - 160 000],87 000 [55 000 - 150 000],86 000 [55 000 - 150 000],84 000 [55 000 - 150 000],81 000 [53 000 - 150 000],79 000 [51 000 - 150 000],77 000 [49 000 - 140 000],75 000 [47 000 - 140 000]
Cameroon,160 000 [120 000 - 190 000],190 000 [150 000 - 220 000],220 000 [180 000 - 250 000],260 000 [210 000 - 290 000],290 000 [240 000 - 320 000],330 000 [280 000 - 360 000],360 000 [310 000 - 390 000],400 000 [340 000 - 430 000],430 000 [370 000 - 460 000],450 000 [400 000 - 490 000],480 000 [430 000 - 510 000],500 000 [450 000 - 530 000],510 000 [470 000 - 550 000],530 000 [490 000 - 560 000],540 000 [500 000 - 570 000],550 000 [510 000 - 590 000],560 000 [520 000 - 600 000],580 000 [540 000 - 610 000],590 000 [550 000 - 630 000],600 000 [560 000 - 640 000],620 000 [580 000 - 650 000],630 000 [580 000 - 780 000],640 000 [590 000 - 780 000],650 000 [600 000 - 780 000],660 000 [610 000 - 790 000]
Cape Verde,<1000 [<500 - <1000],<1000 [<500 - <1000],<1000 [<1000 - <1000],<1000 [<1000 - 1100],1000 [<1000 - 1300],1200 [<1000 - 1500],1300 [1000 - 1700],1500 [1200 - 1800],1600 [1300 - 2000],1800 [1400 - 2200],1900 [1500 - 2300],2000 [1600 - 2500],2100 [1700 - 2600],2200 [1700 - 2700],2200 [1800 - 2800],2300 [1800 - 2900],2300 [1900 - 2900],2500 [2000 - 3100],2600 [2100 - 3200],2700 [2200 - 3300],2800 [2300 - 3400],2900 [2400 - 3500],3100 [2600 - 3600],3200 [2700 - 3800],3400 [2800 - 3900]
Central African Republic,68 000 [53 000 - 94 000],85 000 [67 000 - 120 000],100 000 [81 000 - 150 000],130 000 [98 000 - 170 000],150 000 [110 000 - 200 000],170 000 [130 000 - 220 000],180 000 [140 000 - 240 000],190 000 [160 000 - 250 000],200 000 [170 000 - 250 000],210 000 [170 000 - 250 000],210 000 [170 000 - 250 000],200 000 [170 000 - 240 000],200 000 [170 000 - 230 000],190 000 [170 000 - 220 000],180 000 [160 000 - 210 000],170 000 [150 000 - 200 000],170 000 [150 000 - 190 000],160 000 [140 000 - 180 000],150 000 [140 000 - 180 000],150 000 [140 000 - 170 000],150 000 [130 000 - 170 000],140 000 [130 000 - 160 000],140 000 [130 000 - 160 000],140 000 [130 000 - 160 000],140 000 [120 000 - 150 000]
Chad,42 000 [28 000 - 62 000],50 000 [34 000 - 73 000],58 000 [41 000 - 85 000],68 000 [48 000 - 97 000],78 000 [57 000 - 110 000],89 000 [66 000 - 120 000],100 000 [76 000 - 140 000],110 000 [87 000 - 150 000],130 000 [100 000 - 170 000],140 000 [110 000 - 180 000],150 000 [120 000 - 190 000],170 000 [140 000 - 210 000],180 000 [150 000 - 220 000],190 000 [160 000 - 230 000],200 000 [170 000 - 240 000],200 000 [170 000 - 240 000],210 000 [170 000 - 250 000],210 000 [180 000 - 250 000],210 000 [180 000 - 250 000],210 000 [180 000 - 250 000],220 000 [180 000 - 260 000],220 000 [180 000 - 270 000],220 000 [180 000 - 270 000],220 000 [180 000 - 270 000],210 000 [170 000 - 270 000]
Chile,12 000 [1500 - 21 000],13 000 [2400 - 20 000],13 000 [3900 - 20 000],14 000 [5900 - 20 000],15 000 [7800 - 21 000],15 000 [9300 - 21 000],16 000 [11 000 - 22 000],17 000 [12 000 - 23 000],17 000 [13 000 - 24 000],18 000 [13 000 - 24 000],19 000 [14 000 - 26 000],20 000 [15 000 - 27 000],21 000 [16 000 - 28 000],22 000 [17 000 - 29 000],24 000 [18 000 - 30 000],25 000 [20 000 - 32 000],27 000 [21 000 - 33 000],28 000 [22 000 - 35 000],30 000 [24 000 - 37 000],32 000 [25 000 - 38 000],33 000 [27 000 - 40 000],35 000 [28 000 - 42 000],36 000 [29 000 - 43 000],38 000 [30 000 - 45 000],39 000 [32 000 - 47 000]
Colombia,14 000 [8400 - 32 000],19 000 [12 000 - 41 000],26 000 [17 000 - 48 000],33 000 [24 000 - 56 000],44 000 [31 000 - 70 000],58 000 [42 000 - 83 000],78 000 [56 000 - 100 000],96 000 [70 000 - 120 000],110 000 [82 000 - 140 000],120 000 [89 000 - 140 000],120 000 [93 000 - 150 000],120 000 [95 000 - 150 000],120 000 [96 000 - 150 000],120 000 [97 000 - 150 000],120 000 [98 000 - 150 000],120 000 [98 000 - 150 000],120 000 [98 000 - 160 000],130 000 [98 000 - 160 000],130 000 [98 000 - 160 000],120 000 [97 000 - 160 000],120 000 [97 000 - 160 000],120 000 [95 000 - 160 000],120 000 [95 000 - 160 000],120 000 [95 000 - 160 000],120 000 [96 000 - 160 000]
Congo,51 000 [44 000 - 59 000],59 000 [51 000 - 68 000],67 000 [58 000 - 77 000],74 000 [65 000 - 85 000],81 000 [71 000 - 92 000],87 000 [77 000 - 99 000],92 000 [81 000 - 100 000],96 000 [84 000 - 110 000],99 000 [87 000 - 110 000],100 000 [89 000 - 110 000],100 000 [89 000 - 110 000],100 000 [89 000 - 110 000],100 000 [88 000 - 110 000],97 000 [86 000 - 110 000],95 000 [84 000 - 110 000],92 000 [82 000 - 100 000],90 000 [80 000 - 100 000],88 000 [78 000 - 97 000],86 000 [77 000 - 95 000],85 000 [76 000 - 93 000],83 000 [75 000 - 92 000],83 000 [74 000 - 91 000],82 000 [74 000 - 90 000],81 000 [73 000 - 89 000],81 000 [72 000 - 88 000]
Costa Rica,1400 [<1000 - 1800],1500 [<1000 - 2000],1600 [1100 - 2200],1800 [1200 - 2400],2000 [1300 - 2600],2100 [1400 - 2900],2300 [1600 - 3100],2600 [1700 - 3400],2800 [1900 - 3700],3000 [2100 - 4000],3300 [2300 - 4400],3700 [2500 - 4900],4100 [2800 - 5500],4600 [3100 - 6100],5100 [3500 - 6700],5500 [3800 - 7300],6000 [4100 - 7900],6400 [4400 - 8500],6800 [4700 - 9000],7200 [5000 - 9500],7500 [5200 - 10 000],8000 [5100 - 11 000],8200 [5300 - 12 000],8500 [5500 - 12 000],8800 [5600 - 12 000]
Cuba,<1000 [<200 - 2200],<1000 [<200 - 2300],1100 [<500 - 2400],1200 [<500 - 2500],1400 [<500 - 2700],1500 [<1000 - 2900],1700 [<1000 - 3000],1900 [1000 - 3100],2100 [1300 - 3300],2400 [1600 - 3500],2600 [1900 - 3700],3000 [2300 - 3900],3400 [2700 - 4300],4000 [3300 - 4900],4600 [3900 - 5500],5200 [4500 - 6200],6000 [5100 - 6900],6800 [5900 - 7800],7800 [6700 - 8900],8900 [7700 - 10 000],10 000 [8900 - 12 000],12 000 [10 000 - 14 000],13 000 [12 000 - 16 000],15 000 [13 000 - 18 000],17 000 [15 000 - 21 000]
Côte d'Ivoire,180 000 [150 000 - 230 000],220 000 [180 000 - 280 000],260 000 [210 000 - 320 000],300 000 [250 000 - 370 000],340 000 [290 000 - 410 000],380 000 [320 000 - 450 000],410 000 [350 000 - 490 000],440 000 [380 000 - 520 000],470 000 [410 000 - 550 000],490 000 [430 000 - 560 000],500 000 [440 000 - 570 000],510 000 [450 000 - 570 000],510 000 [450 000 - 570 000],500 000 [450 000 - 560 000],490 000 [450 000 - 550 000],490 000 [440 000 - 540 000],480 000 [430 000 - 530 000],470 000 [430 000 - 520 000],470 000 [420 000 - 520 000],460 000 [420 000 - 510 000],460 000 [420 000 - 510 000],460 000 [420 000 - 510 000],460 000 [420 000 - 510 000],460 000 [420 000 - 510 000],460 000 [420 000 - 510 000]
Democratic Republic of the Congo,310 000 [260 000 - 350 000],330 000 [290 000 - 380 000],360 000 [310 000 - 400 000],380 000 [330 000 - 430 000],400 000 [350 000 - 450 000],410 000 [360 000 - 460 000],420 000 [370 000 - 470 000],430 000 [380 000 - 480 000],430 000 [390 000 - 480 000],440 000 [390 000 - 480 000],440 000 [400 000 - 490 000],450 000 [400 000 - 490 000],450 000 [400 000 - 490 000],450 000 [400 000 - 490 000],450 000 [400 000 - 490 000],450 000 [400 000 - 490 000],450 000 [400 000 - 490 000],450 000 [400 000 - 490 000],450 000 [400 000 - 490 000],450 000 [400 000 - 490 000],450 000 [400 000 - 490 000],450 000 [400 000 - 490 000],450 000 [400 000 - 490 000],450 000 [400 000 - 490 000],450 000 [400 000 - 490 000]
Denmark,2100 [1600 - 2700],2200 [1700 - 2800],2300 [1700 - 2900],2400 [1800 - 3000],2500 [1800 - 3100],2500 [1900 - 3200],2600 [2000 - 3300],2700 [2000 - 3400],2900 [2200 - 3700],3100 [2300 - 3900],3300 [2500 - 4200],3500 [2600 - 4400],3700 [2700 - 4700],3900 [2900 - 4900],4000 [3000 - 5100],4200 [3200 - 5400],4400 [3300 - 5600],4600 [3400 - 5900],4800 [3600 - 6100],5000 [3700 - 6400],5200 [3900 - 6600],5400 [4000 - 6900],5600 [4200 - 7200],5800 [4300 - 7400],6000 [4400 - 7700]
Djibouti,<1000 [<500 - 1300],1300 [<1000 - 2100],2100 [1300 - 3400],3200 [2000 - 5000],4500 [3000 - 7000],6000 [4200 - 8900],7500 [5500 - 11 000],9100 [6800 - 13 000],10 000 [8000 - 14 000],12 000 [8900 - 16 000],12 000 [9500 - 16 000],13 000 [9900 - 17 000],13 000 [10 000 - 17 000],13 000 [10 000 - 17 000],13 000 [9700 - 17 000],12 000 [9300 - 16 000],12 000 [9000 - 16 000],11 000 [8700 - 15 000],11 000 [8400 - 15 000],11 000 [8200 - 14 000],10 000 [8000 - 14 000],10 000 [7800 - 14 000],10 000 [7700 - 14 000],10 000 [7600 - 14 000],9900 [7600 - 14 000]
Dominican Republic,17 000 [12 000 - 26 000],24 000 [16 000 - 37 000],32 000 [22 000 - 49 000],41 000 [28 000 - 63 000],51 000 [35 000 - 77 000],60 000 [42 000 - 90 000],70 000 [49 000 - 100 000],78 000 [55 000 - 110 000],85 000 [61 000 - 120 000],90 000 [66 000 - 130 000],94 000 [68 000 - 130 000],95 000 [70 000 - 140 000],95 000 [71 000 - 140 000],94 000 [71 000 - 130 000],91 000 [69 000 - 130 000],88 000 [66 000 - 130 000],85 000 [64 000 - 120 000],82 000 [62 000 - 120 000],80 000 [60 000 - 110 000],78 000 [59 000 - 110 000],76 000 [57 000 - 110 000],74 000 [55 000 - 110 000],72 000 [54 000 - 110 000],70 000 [53 000 - 100 000],69 000 [52 000 - 100 000]
Ecuador,5600 [<1000 - 16 000],8800 [2000 - 21 000],12 000 [3500 - 25 000],16 000 [5600 - 30 000],20 000 [8300 - 35 000],23 000 [11 000 - 40 000],25 000 [13 000 - 42 000],26 000 [15 000 - 43 000],27 000 [17 000 - 43 000],28 000 [19 000 - 43 000],28 000 [20 000 - 43 000],29 000 [21 000 - 43 000],29 000 [21 000 - 43 000],29 000 [21 000 - 42 000],29 000 [21 000 - 41 000],29 000 [22 000 - 41 000],29 000 [22 000 - 40 000],29 000 [22 000 - 40 000],29 000 [22 000 - 40 000],30 000 [23 000 - 40 000],31 000 [23 000 - 41 000],31 000 [24 000 - 47 000],32 000 [24 000 - 47 000],32 000 [24 000 - 46 000],33 000 [25 000 - 46 000]
Egypt,<500 [<200 - <1000],<500 [<200 - <1000],<500 [<500 - <1000],<1000 [<500 - <1000],<1000 [<500 - 1100],<1000 [<500 - 1300],<1000 [<500 - 1500],1100 [<1000 - 1700],1300 [<1000 - 2000],1500 [<1000 - 2400],1800 [1100 - 2800],2000 [1300 - 3200],2300 [1500 - 3700],2600 [1700 - 4100],3000 [2000 - 4600],3300 [2300 - 5200],3700 [2500 - 5800],4200 [2900 - 6500],4700 [3300 - 7300],5300 [3700 - 8200],5900 [4000 - 9100],6500 [4400 - 10 000],7200 [4800 - 11 000],7900 [5200 - 13 000],8800 [5800 - 14 000]
El Salvador,4300 [2300 - 6200],4900 [2700 - 7200],5700 [3200 - 8200],6600 [3800 - 9400],7500 [4500 - 11 000],8500 [5200 - 12 000],9600 [6000 - 13 000],11 000 [6800 - 14 000],12 000 [7700 - 15 000],13 000 [8600 - 17 000],14 000 [9500 - 18 000],15 000 [10 000 - 19 000],15 000 [11 000 - 20 000],16 000 [12 000 - 21 000],17 000 [12 000 - 21 000],17 000 [13 000 - 22 000],18 000 [13 000 - 23 000],19 000 [13 000 - 24 000],19 000 [13 000 - 25 000],20 000 [14 000 - 26 000],20 000 [14 000 - 27 000],20 000 [14 000 - 28 000],21 000 [13 000 - 28 000],21 000 [13 000 - 29 000],21 000 [13 000 - 29 000]
Equatorial Guinea,<200 [<200 - <500],<500 [<500 - <500],<500 [<500 - <500],<500 [<500 - <1000],<1000 [<1000 - <1000],<1000 [<1000 - 1100],1300 [1200 - 1500],1800 [1700 - 2100],2500 [2300 - 2800],3400 [3100 - 3700],4500 [4200 - 4800],5900 [5600 - 6300],7600 [7200 - 8100],9600 [9200 - 10 000],12 000 [11 000 - 13 000],14 000 [14 000 - 15 000],17 000 [16 000 - 18 000],19 000 [19 000 - 21 000],22 000 [21 000 - 23 000],25 000 [23 000 - 26 000],27 000 [25 000 - 28 000],29 000 [27 000 - 30 000],30 000 [28 000 - 32 000],31 000 [29 000 - 33 000],32 000 [29 000 - 34 000]
Eritrea,4900 [1800 - 14 000],6500 [2700 - 17 000],8100 [3700 - 19 000],9700 [4800 - 21 000],11 000 [6000 - 23 000],13 000 [7200 - 25 000],14 000 [8600 - 27 000],16 000 [9800 - 29 000],17 000 [11 000 - 30 000],19 000 [12 000 - 32 000],20 000 [13 000 - 33 000],21 000 [14 000 - 34 000],22 000 [15 000 - 34 000],22 000 [15 000 - 34 000],22 000 [15 000 - 33 000],21 000 [15 000 - 32 000],20 000 [14 000 - 31 000],19 000 [13 000 - 29 000],18 000 [13 000 - 28 000],18 000 [13 000 - 27 000],17 000 [12 000 - 26 000],17 000 [12 000 - 26 000],17 000 [12 000 - 25 000],16 000 [12 000 - 25 000],16 000 [12 000 - 24 000]
Ethiopia,310 000 [210 000 - 470 000],410 000 [290 000 - 590 000],520 000 [380 000 - 730 000],640 000 [480 000 - 860 000],760 000 [580 000 - 1 000 000],870 000 [680 000 - 1 100 000],960 000 [770 000 - 1 200 000],1 000 000 [850 000 - 1 300 000],1 100 000 [900 000 - 1 300 000],1 100 000 [940 000 - 1 300 000],1 100 000 [950 000 - 1 300 000],1 100 000 [940 000 - 1 300 000],1 100 000 [920 000 - 1 200 000],1 000 000 [890 000 - 1 200 000],970 000 [850 000 - 1 100 000],920 000 [800 000 - 1 100 000],870 000 [760 000 - 1 000 000],820 000 [720 000 - 950 000],790 000 [690 000 - 910 000],770 000 [670 000 - 890 000],750 000 [650 000 - 870 000],740 000 [640 000 - 860 000],740 000 [640 000 - 860 000],740 000 [630 000 - 860 000],730 000 [600 000 - 970 000]
Fiji,<100 [<100 - <100],<100 [<100 - <100],<100 [<100 - <200],<100 [<100 - <500],<100 [<100 - <500],<200 [<100 - <500],<200 [<100 - <500],<200 [<100 - <500],<200 [<100 - <500],<500 [<100 - <500],<500 [<100 - <500],<500 [<200 - <500],<500 [<200 - <500],<500 [<200 - <1000],<500 [<200 - <1000],<500 [<200 - <1000],<500 [<200 - <1000],<500 [<500 - <1000],<500 [<500 - <1000],<500 [<500 - <1000],<500 [<500 - <1000],<500 [<500 - <1000],<1000 [<500 - <1000],<1000 [<500 - <1000],<1000 [<500 - 1000]
Gabon,6100 [4600 - 8100],8000 [6200 - 10 000],10 000 [8200 - 13 000],13 000 [11 000 - 17 000],17 000 [13 000 - 21 000],20 000 [17 000 - 25 000],24 000 [20 000 - 30 000],28 000 [24 000 - 35 000],33 000 [27 000 - 40 000],37 000 [31 000 - 45 000],40 000 [34 000 - 49 000],43 000 [37 000 - 52 000],46 000 [39 000 - 55 000],48 000 [41 000 - 57 000],49 000 [42 000 - 59 000],50 000 [43 000 - 60 000],51 000 [44 000 - 61 000],52 000 [44 000 - 61 000],51 000 [44 000 - 60 000],51 000 [44 000 - 61 000],50 000 [43 000 - 60 000],49 000 [42 000 - 58 000],48 000 [42 000 - 57 000],48 000 [41 000 - 56 000],48 000 [41 000 - 55 000]
Gambia,<1000 [<500 - 1100],<1000 [<1000 - 1500],1300 [<1000 - 2000],1800 [1200 - 2700],2500 [1700 - 3600],3300 [2400 - 4600],4300 [3200 - 5900],5500 [4100 - 7400],6900 [5200 - 9100],8400 [6400 - 11 000],9900 [7700 - 13 000],11 000 [8800 - 15 000],13 000 [10 000 - 17 000],14 000 [11 000 - 18 000],15 000 [12 000 - 20 000],16 000 [13 000 - 21 000],17 000 [14 000 - 22 000],18 000 [14 000 - 23 000],19 000 [15 000 - 23 000],19 000 [15 000 - 24 000],19 000 [15 000 - 24 000],20 000 [15 000 - 24 000],20 000 [16 000 - 25 000],20 000 [16 000 - 25 000],20 000 [16 000 - 25 000]
Georgia,<500 [<500 - <500],<500 [<500 - <1000],<1000 [<500 - <1000],<1000 [<1000 - <1000],<1000 [<1000 - <1000],<1000 [<1000 - 1000],<1000 [<1000 - 1200],<1000 [<1000 - 1300],1100 [<1000 - 1500],1300 [<1000 - 1700],1400 [1100 - 1900],1600 [1200 - 2100],1800 [1400 - 2400],2000 [1600 - 2700],2300 [1800 - 3000],2600 [2000 - 3400],2900 [2300 - 3900],3300 [2600 - 4400],3700 [2900 - 4800],4200 [3300 - 5400],4600 [3700 - 5900],5100 [4100 - 6400],5600 [4500 - 7000],6100 [4900 - 7600],6600 [5300 - 8200]
Ghana,98 000 [57 000 - 150 000],120 000 [72 000 - 170 000],130 000 [89 000 - 190 000],150 000 [110 000 - 220 000],170 000 [120 000 - 240 000],190 000 [140 000 - 260 000],210 000 [150 000 - 270 000],220 000 [170 000 - 290 000],240 000 [180 000 - 300 000],250 000 [190 000 - 310 000],250 000 [190 000 - 320 000],260 000 [200 000 - 330 000],260 000 [200 000 - 330 000],260 000 [200 000 - 330 000],260 000 [200 000 - 330 000],260 000 [200 000 - 330 000],260 000 [200 000 - 330 000],260 000 [200 000 - 330 000],250 000 [200 000 - 330 000],250 000 [200 000 - 330 000],250 000 [200 000 - 330 000],250 000 [190 000 - 320 000],250 000 [190 000 - 330 000],250 000 [190 000 - 330 000],250 000 [190 000 - 330 000]
Guatemala,<500 [<100 - 1100],<1000 [<200 - 1700],1100 [<500 - 2500],1800 [<1000 - 3800],2900 [1100 - 5800],4600 [1900 - 8500],6800 [3100 - 12 000],9700 [4700 - 17 000],13 000 [6800 - 22 000],17 000 [9300 - 27 000],21 000 [12 000 - 33 000],25 000 [15 000 - 38 000],28 000 [18 000 - 41 000],31 000 [20 000 - 45 000],34 000 [22 000 - 49 000],36 000 [24 000 - 51 000],38 000 [25 000 - 53 000],40 000 [27 000 - 56 000],42 000 [29 000 - 58 000],43 000 [30 000 - 61 000],45 000 [31 000 - 63 000],46 000 [32 000 - 65 000],47 000 [33 000 - 66 000],48 000 [33 000 - 68 000],49 000 [34 000 - 69 000]
Guinea,21 000 [14 000 - 27 000],30 000 [20 000 - 38 000],40 000 [27 000 - 50 000],51 000 [35 000 - 65 000],62 000 [43 000 - 79 000],72 000 [51 000 - 91 000],80 000 [57 000 - 100 000],86 000 [63 000 - 110 000],90 000 [68 000 - 110 000],93 000 [72 000 - 110 000],95 000 [75 000 - 120 000],96 000 [77 000 - 120 000],97 000 [79 000 - 120 000],97 000 [80 000 - 110 000],97 000 [81 000 - 110 000],98 000 [82 000 - 110 000],98 000 [84 000 - 110 000],100 000 [85 000 - 110 000],100 000 [87 000 - 120 000],100 000 [89 000 - 120 000],110 000 [93 000 - 120 000],110 000 [94 000 - 140 000],110 000 [97 000 - 140 000],120 000 [99 000 - 140 000],120 000 [100 000 - 140 000]
Guinea-Bissau,1500 [<1000 - 2400],2000 [1300 - 3100],2700 [1800 - 4000],3500 [2400 - 5100],4500 [3200 - 6400],5800 [4200 - 8000],7300 [5400 - 9900],9000 [6800 - 12 000],11 000 [8600 - 14 000],13 000 [11 000 - 17 000],16 000 [13 000 - 20 000],19 000 [15 000 - 23 000],22 000 [18 000 - 26 000],24 000 [20 000 - 28 000],27 000 [23 000 - 31 000],29 000 [25 000 - 34 000],32 000 [28 000 - 36 000],34 000 [30 000 - 38 000],35 000 [32 000 - 40 000],37 000 [33 000 - 42 000],39 000 [35 000 - 43 000],40 000 [36 000 - 45 000],41 000 [37 000 - 46 000],42 000 [37 000 - 46 000],42 000 [38 000 - 47 000]
Guyana,<100 [<100 - <200],<100 [<100 - <500],<100 [<100 - <500],<200 [<100 - <500],<500 [<200 - <1000],<500 [<500 - <1000],<1000 [<500 - 1100],<1000 [<1000 - 1600],1400 [<1000 - 2200],2000 [1300 - 2900],2600 [1700 - 3700],3200 [2200 - 4600],3900 [2700 - 5500],4400 [3100 - 6400],5000 [3500 - 7200],5400 [3900 - 7900],5900 [4200 - 8600],6200 [4500 - 9200],6600 [4700 - 9800],7000 [4900 - 11 000],7400 [5200 - 11 000],7900 [5500 - 12 000],8400 [5800 - 13 000],9000 [6200 - 14 000],9700 [6500 - 15 000]
Haiti,71 000 [42 000 - 120 000],86 000 [54 000 - 140 000],100 000 [67 000 - 160 000],120 000 [81 000 - 170 000],130 000 [95 000 - 180 000],140 000 [110 000 - 190 000],150 000 [120 000 - 190 000],160 000 [130 000 - 190 000],160 000 [140 000 - 190 000],170 000 [150 000 - 190 000],170 000 [150 000 - 190 000],160 000 [150 000 - 180 000],160 000 [150 000 - 180 000],150 000 [150 000 - 170 000],150 000 [140 000 - 170 000],140 000 [140 000 - 160 000],140 000 [130 000 - 150 000],140 000 [130 000 - 150 000],140 000 [130 000 - 150 000],140 000 [130 000 - 150 000],140 000 [130 000 - 150 000],140 000 [130 000 - 150 000],140 000 [130 000 - 150 000],140 000 [130 000 - 150 000],140 000 [130 000 - 160 000]
Honduras,24 000 [16 000 - 36 000],29 000 [19 000 - 42 000],33 000 [23 000 - 46 000],36 000 [26 000 - 49 000],39 000 [29 000 - 52 000],41 000 [32 000 - 54 000],43 000 [33 000 - 54 000],43 000 [34 000 - 55 000],43 000 [35 000 - 54 000],42 000 [34 000 - 52 000],41 000 [34 000 - 50 000],39 000 [32 000 - 48 000],37 000 [31 000 - 45 000],35 000 [29 000 - 43 000],34 000 [28 000 - 41 000],32 000 [27 000 - 39 000],31 000 [26 000 - 37 000],29 000 [25 000 - 35 000],28 000 [24 000 - 34 000],27 000 [23 000 - 32 000],26 000 [22 000 - 31 000],25 000 [21 000 - 30 000],24 000 [21 000 - 29 000],24 000 [20 000 - 28 000],23 000 [19 000 - 27 000]
Indonesia,<200 [<100 - <200],<500 [<200 - <500],<500 [<500 - <500],<1000 [<1000 - <1000],1800 [1500 - 1900],3500 [3200 - 3900],6800 [6100 - 7400],12 000 [11 000 - 13 000],19 000 [17 000 - 21 000],28 000 [26 000 - 31 000],41 000 [38 000 - 45 000],62 000 [56 000 - 68 000],97 000 [88 000 - 110 000],140 000 [130 000 - 160 000],190 000 [170 000 - 210 000],240 000 [220 000 - 270 000],300 000 [270 000 - 330 000],350 000 [320 000 - 390 000],400 000 [370 000 - 440 000],460 000 [410 000 - 500 000],500 000 [460 000 - 550 000],550 000 [500 000 - 600 000],590 000 [530 000 - 640 000],630 000 [570 000 - 680 000],660 000 [600 000 - 720 000]
Iran (Islamic Republic of),1200 [<500 - 9000],1500 [<1000 - 9900],1700 [<1000 - 11 000],2000 [<1000 - 11 000],2400 [1100 - 12 000],3200 [1400 - 14 000],4400 [1800 - 17 000],6500 [2600 - 22 000],9600 [4000 - 28 000],14 000 [6200 - 34 000],19 000 [9200 - 41 000],24 000 [13 000 - 47 000],30 000 [18 000 - 54 000],35 000 [22 000 - 61 000],39 000 [27 000 - 65 000],43 000 [30 000 - 70 000],47 000 [33 000 - 74 000],51 000 [36 000 - 78 000],54 000 [38 000 - 81 000],58 000 [41 000 - 85 000],62 000 [44 000 - 89 000],65 000 [46 000 - 93 000],68 000 [48 000 - 99 000],71 000 [50 000 - 110 000],74 000 [51 000 - 110 000]
Ireland,<500 [<100 - <1000],<500 [<100 - <1000],<1000 [<200 - <1000],<1000 [<500 - 1100],<1000 [<500 - 1300],1100 [<1000 - 1600],1300 [<1000 - 1800],1600 [1200 - 2100],1900 [1400 - 2500],2200 [1600 - 2900],2600 [1900 - 3400],2900 [2300 - 3800],3300 [2600 - 4300],3800 [2900 - 4800],4200 [3300 - 5300],4600 [3700 - 5800],5000 [4000 - 6300],5400 [4300 - 6800],5800 [4600 - 7300],6200 [4900 - 7800],6500 [5200 - 8200],6900 [5400 - 8700],7300 [5700 - 9200],7700 [5900 - 9800],8000 [6100 - 10 000]
Jamaica,12 000 [6400 - 17 000],16 000 [10 000 - 22 000],19 000 [14 000 - 25 000],22 000 [17 000 - 28 000],24 000 [19 000 - 30 000],27 000 [22 000 - 33 000],29 000 [24 000 - 35 000],31 000 [26 000 - 37 000],32 000 [27 000 - 39 000],33 000 [28 000 - 40 000],34 000 [29 000 - 41 000],34 000 [30 000 - 42 000],34 000 [30 000 - 42 000],34 000 [29 000 - 41 000],33 000 [29 000 - 41 000],33 000 [28 000 - 40 000],32 000 [28 000 - 40 000],32 000 [27 000 - 39 000],31 000 [27 000 - 39 000],31 000 [26 000 - 38 000],30 000 [26 000 - 38 000],30 000 [25 000 - 39 000],30 000 [25 000 - 39 000],29 000 [25 000 - 39 000],29 000 [25 000 - 38 000]
Kazakhstan,<1000 [<200 - 1500],<1000 [<500 - 1600],<1000 [<500 - 1800],1000 [<500 - 1900],1300 [<1000 - 2200],1600 [<1000 - 2500],2000 [1200 - 3000],2500 [1600 - 3600],3100 [2200 - 4300],4100 [3100 - 5600],5400 [4200 - 7200],6800 [5500 - 8900],7800 [6400 - 9900],8700 [7300 - 11 000],9700 [8200 - 12 000],10 000 [8900 - 13 000],11 000 [9700 - 14 000],12 000 [11 000 - 15 000],13 000 [11 000 - 16 000],14 000 [12 000 - 17 000],15 000 [13 000 - 18 000],16 000 [15 000 - 20 000],17 000 [16 000 - 21 000],19 000 [17 000 - 23 000],20 000 [18 000 - 25 000]
Kenya,650 000 [530 000 - 810 000],840 000 [700 000 - 1 000 000],1 000 000 [880 000 - 1 300 000],1 200 000 [1 100 000 - 1 500 000],1 400 000 [1 200 000 - 1 700 000],1 500 000 [1 300 000 - 1 800 000],1 600 000 [1 400 000 - 1 900 000],1 700 000 [1 500 000 - 2 000 000],1 700 000 [1 500 000 - 2 000 000],1 700 000 [1 400 000 - 1 900 000],1 600 000 [1 400 000 - 1 900 000],1 600 000 [1 400 000 - 1 800 000],1 500 000 [1 300 000 - 1 800 000],1 500 000 [1 300 000 - 1 700 000],1 400 000 [1 200 000 - 1 600 000],1 400 000 [1 200 000 - 1 600 000],1 300 000 [1 100 000 - 1 500 000],1 300 000 [1 100 000 - 1 500 000],1 300 000 [1 100 000 - 1 500 000],1 300 000 [1 100 000 - 1 500 000],1 300 000 [1 100 000 - 1 500 000],1 300 000 [1 100 000 - 1 500 000],1 300 000 [1 200 000 - 1 500 000],1 300 000 [1 200 000 - 1 600 000],1 400 000 [1 200 000 - 1 600 000]
Kyrgyzstan,<100 [<100 - <500],<100 [<100 - <500],<100 [<100 - <500],<200 [<100 - <500],<200 [<100 - <1000],<500 [<100 - <1000],<500 [<200 - <1000],<500 [<200 - <1000],<500 [<500 - 1200],<1000 [<500 - 1400],<1000 [<500 - 1500],1000 [<1000 - 1800],1300 [<1000 - 2100],1700 [1200 - 2500],2100 [1600 - 3000],2600 [2000 - 3600],3600 [2800 - 4700],4700 [3600 - 6100],5500 [4300 - 7200],6400 [5000 - 8200],7200 [5500 - 9100],7900 [6100 - 10 000],8400 [6500 - 11 000],8800 [6800 - 11 000],9300 [7100 - 12 000]
Lao People's Democratic Republic,<100 [<100 - <100],<100 [<100 - <100],<100 [<100 - <100],<100 [<100 - <100],<100 [<100 - <100],<200 [<200 - <200],<500 [<500 - <500],<500 [<500 - <500],<1000 [<1000 - <1000],1100 [<1000 - 1200],1800 [1600 - 1900],2600 [2300 - 2800],3300 [3000 - 3600],4100 [3700 - 4500],4900 [4400 - 5400],5800 [5300 - 6400],6700 [6100 - 7300],7600 [6800 - 8300],8300 [7500 - 9100],9000 [8100 - 9800],9600 [8700 - 10 000],10 000 [9100 - 11 000],10 000 [9400 - 11 000],11 000 [9700 - 12 000],11 000 [10 000 - 12 000]
Lebanon,<500 [<100 - <1000],<1000 [<100 - 1100],<1000 [<100 - 1200],<1000 [<100 - 1300],<1000 [<100 - 1400],<1000 [<100 - 1500],<1000 [<100 - 1600],<1000 [<100 - 1700],<1000 [<100 - 1800],<1000 [<100 - 1900],<1000 [<100 - 1900],1000 [<100 - 2000],1100 [<100 - 2100],1100 [<100 - 2200],1200 [<100 - 2300],1300 [<100 - 2400],1300 [<200 - 2500],1400 [<200 - 2600],1400 [<200 - 2800],1500 [<200 - 2900],1600 [<200 - 3000],1600 [<200 - 3100],1700 [<200 - 3200],1800 [<200 - 3400],1800 [<200 - 3500]
Lesotho,9300 [6100 - 14 000],18 000 [13 000 - 24 000],32 000 [26 000 - 40 000],55 000 [48 000 - 66 000],87 000 [75 000 - 100 000],120 000 [110 000 - 140 000],160 000 [140 000 - 180 000],180 000 [160 000 - 200 000],200 000 [180 000 - 220 000],210 000 [190 000 - 230 000],220 000 [200 000 - 240 000],230 000 [210 000 - 250 000],230 000 [220 000 - 250 000],240 000 [220 000 - 260 000],240 000 [230 000 - 260 000],250 000 [230 000 - 270 000],260 000 [240 000 - 280 000],260 000 [240 000 - 280 000],270 000 [250 000 - 290 000],280 000 [260 000 - 300 000],290 000 [270 000 - 310 000],290 000 [270 000 - 320 000],300 000 [280 000 - 320 000],310 000 [290 000 - 330 000],310 000 [290 000 - 340 000]
Liberia,5100 [3200 - 7400],6700 [4600 - 9600],8700 [6200 - 12 000],11 000 [8200 - 15 000],14 000 [10 000 - 19 000],17 000 [13 000 - 23 000],21 000 [17 000 - 28 000],26 000 [20 000 - 34 000],30 000 [24 000 - 39 000],34 000 [27 000 - 44 000],37 000 [30 000 - 46 000],38 000 [32 000 - 47 000],39 000 [33 000 - 48 000],40 000 [34 000 - 47 000],39 000 [34 000 - 47 000],39 000 [34 000 - 46 000],39 000 [34 000 - 45 000],38 000 [34 000 - 45 000],38 000 [33 000 - 44 000],37 000 [33 000 - 42 000],36 000 [32 000 - 41 000],35 000 [31 000 - 40 000],34 000 [30 000 - 39 000],34 000 [29 000 - 38 000],33 000 [29 000 - 38 000]
Madagascar,5900 [4800 - 7000],9000 [7300 - 11 000],13 000 [11 000 - 16 000],17 000 [14 000 - 21 000],22 000 [18 000 - 27 000],27 000 [23 000 - 33 000],32 000 [26 000 - 38 000],35 000 [29 000 - 43 000],39 000 [32 000 - 48 000],41 000 [34 000 - 51 000],43 000 [35 000 - 53 000],44 000 [37 000 - 55 000],45 000 [38 000 - 55 000],46 000 [38 000 - 55 000],46 000 [39 000 - 55 000],46 000 [39 000 - 54 000],46 000 [39 000 - 53 000],45 000 [39 000 - 52 000],44 000 [38 000 - 51 000],43 000 [38 000 - 50 000],42 000 [37 000 - 49 000],41 000 [36 000 - 47 000],41 000 [36 000 - 46 000],40 000 [35 000 - 45 000],39 000 [34 000 - 45 000]
Malawi,440 000 [370 000 - 540 000],530 000 [450 000 - 620 000],610 000 [530 000 - 700 000],680 000 [610 000 - 770 000],750 000 [680 000 - 830 000],810 000 [740 000 - 890 000],870 000 [800 000 - 940 000],920 000 [850 000 - 1 000 000],960 000 [890 000 - 1 000 000],990 000 [920 000 - 1 100 000],1 000 000 [940 000 - 1 100 000],1 000 000 [960 000 - 1 100 000],1 000 000 [970 000 - 1 100 000],1 000 000 [970 000 - 1 100 000],1 000 000 [970 000 - 1 100 000],1 000 000 [970 000 - 1 100 000],1 000 000 [970 000 - 1 100 000],1 000 000 [970 000 - 1 100 000],1 000 000 [970 000 - 1 100 000],1 000 000 [980 000 - 1 100 000],1 000 000 [980 000 - 1 100 000],1 100 000 [980 000 - 1 100 000],1 100 000 [980 000 - 1 100 000],1 100 000 [990 000 - 1 100 000],1 100 000 [990 000 - 1 100 000]
Malaysia,9600 [8700 - 10 000],30 000 [27 000 - 33 000],49 000 [44 000 - 53 000],61 000 [55 000 - 67 000],71 000 [65 000 - 78 000],81 000 [74 000 - 89 000],90 000 [81 000 - 98 000],97 000 [88 000 - 110 000],100 000 [93 000 - 110 000],110 000 [97 000 - 120 000],110 000 [100 000 - 120 000],110 000 [100 000 - 120 000],110 000 [100 000 - 130 000],120 000 [110 000 - 130 000],120 000 [110 000 - 130 000],120 000 [110 000 - 130 000],120 000 [110 000 - 130 000],120 000 [110 000 - 130 000],120 000 [100 000 - 130 000],110 000 [100 000 - 130 000],110 000 [100 000 - 120 000],110 000 [99 000 - 120 000],110 000 [97 000 - 120 000],100 000 [94 000 - 110 000],100 000 [91 000 - 110 000]
Mali,64 000 [21 000 - 140 000],76 000 [27 000 - 150 000],86 000 [35 000 - 160 000],96 000 [42 000 - 170 000],100 000 [48 000 - 170 000],110 000 [53 000 - 170 000],110 000 [58 000 - 170 000],110 000 [63 000 - 160 000],110 000 [67 000 - 160 000],110 000 [69 000 - 150 000],100 000 [71 000 - 150 000],100 000 [73 000 - 140 000],100 000 [73 000 - 140 000],100 000 [74 000 - 130 000],99 000 [75 000 - 130 000],100 000 [77 000 - 130 000],100 000 [78 000 - 130 000],100 000 [81 000 - 130 000],110 000 [85 000 - 130 000],110 000 [88 000 - 140 000],110 000 [93 000 - 140 000],120 000 [96 000 - 150 000],120 000 [100 000 - 150 000],130 000 [110 000 - 160 000],130 000 [110 000 - 170 000]
Mauritania,1600 [<1000 - 3400],2200 [1100 - 4300],2900 [1600 - 5400],3700 [2200 - 6600],4700 [3000 - 7800],5800 [3700 - 9200],6900 [4800 - 11 000],8200 [5900 - 12 000],9500 [7100 - 14 000],11 000 [8200 - 15 000],12 000 [9300 - 16 000],13 000 [10 000 - 17 000],14 000 [11 000 - 18 000],15 000 [12 000 - 18 000],15 000 [13 000 - 19 000],16 000 [13 000 - 19 000],16 000 [14 000 - 19 000],16 000 [14 000 - 20 000],16 000 [14 000 - 20 000],17 000 [14 000 - 20 000],17 000 [14 000 - 20 000],17 000 [14 000 - 20 000],16 000 [14 000 - 21 000],16 000 [13 000 - 21 000],16 000 [13 000 - 20 000]
Mauritius,<500 [<200 - <500],<500 [<500 - <1000],<1000 [<500 - <1000],<1000 [<1000 - 1400],1300 [<1000 - 2000],2000 [1500 - 2800],2800 [2100 - 3800],3800 [2900 - 4900],4900 [3800 - 6100],6000 [4800 - 7200],6900 [5700 - 8000],7600 [6400 - 8600],8200 [7000 - 9200],8700 [7600 - 9700],9100 [8000 - 10 000],9400 [8300 - 10 000],9500 [8400 - 11 000],9600 [8500 - 11 000],9500 [8400 - 11 000],9400 [8400 - 10 000],9200 [8200 - 10 000],9000 [8000 - 9800],8800 [7900 - 9600],8500 [7600 - 9300],8300 [7400 - 9000]
Mexico,300 000 [180 000 - 470 000],320 000 [200 000 - 480 000],330 000 [210 000 - 490 000],340 000 [230 000 - 500 000],340 000 [230 000 - 490 000],340 000 [230 000 - 490 000],340 000 [240 000 - 480 000],330 000 [240 000 - 470 000],330 000 [230 000 - 460 000],310 000 [230 000 - 440 000],300 000 [220 000 - 420 000],290 000 [210 000 - 400 000],280 000 [200 000 - 380 000],260 000 [190 000 - 360 000],250 000 [180 000 - 350 000],240 000 [170 000 - 330 000],230 000 [170 000 - 310 000],220 000 [160 000 - 300 000],210 000 [150 000 - 290 000],210 000 [150 000 - 280 000],200 000 [150 000 - 280 000],200 000 [140 000 - 270 000],190 000 [140 000 - 270 000],190 000 [140 000 - 270 000],190 000 [140 000 - 270 000]
Morocco,1200 [<1000 - 1600],1500 [<1000 - 2200],2000 [1200 - 2900],2600 [1600 - 3700],3200 [2000 - 4800],4100 [2500 - 5900],5100 [3100 - 7300],6200 [4000 - 8900],7700 [5000 - 11 000],9300 [6200 - 13 000],11 000 [7600 - 15 000],13 000 [9000 - 17 000],15 000 [11 000 - 19 000],17 000 [12 000 - 21 000],18 000 [13 000 - 23 000],20 000 [14 000 - 25 000],21 000 [15 000 - 26 000],22 000 [16 000 - 28 000],23 000 [17 000 - 29 000],25 000 [17 000 - 31 000],25 000 [18 000 - 32 000],26 000 [18 000 - 33 000],27 000 [19 000 - 34 000],28 000 [19 000 - 36 000],29 000 [20 000 - 37 000]
Mozambique,90 000 [75 000 - 110 000],120 000 [100 000 - 140 000],160 000 [130 000 - 190 000],210 000 [180 000 - 250 000],270 000 [230 000 - 320 000],340 000 [290 000 - 400 000],410 000 [350 000 - 490 000],500 000 [430 000 - 590 000],590 000 [510 000 - 690 000],680 000 [590 000 - 800 000],780 000 [680 000 - 910 000],880 000 [760 000 - 1 000 000],960 000 [840 000 - 1 100 000],1 000 000 [910 000 - 1 200 000],1 100 000 [980 000 - 1 300 000],1 200 000 [1 000 000 - 1 400 000],1 200 000 [1 100 000 - 1 400 000],1 300 000 [1 100 000 - 1 500 000],1 300 000 [1 200 000 - 1 500 000],1 400 000 [1 200 000 - 1 600 000],1 400 000 [1 200 000 - 1 600 000],1 500 000 [1 300 000 - 1 700 000],1 500 000 [1 300 000 - 1 700 000],1 500 000 [1 300 000 - 1 900 000],1 500 000 [1 300 000 - 2 100 000]
Myanmar,23 000 [21 000 - 26 000],40 000 [36 000 - 44 000],56 000 [51 000 - 61 000],70 000 [63 000 - 76 000],85 000 [77 000 - 93 000],100 000 [90 000 - 110 000],120 000 [100 000 - 130 000],130 000 [120 000 - 140 000],150 000 [140 000 - 160 000],170 000 [150 000 - 190 000],190 000 [170 000 - 210 000],210 000 [190 000 - 220 000],220 000 [200 000 - 240 000],230 000 [210 000 - 250 000],230 000 [210 000 - 250 000],240 000 [210 000 - 260 000],240 000 [210 000 - 260 000],230 000 [210 000 - 260 000],230 000 [210 000 - 250 000],230 000 [210 000 - 250 000],220 000 [200 000 - 250 000],220 000 [200 000 - 240 000],220 000 [190 000 - 240 000],210 000 [190 000 - 240 000],210 000 [190 000 - 230 000]
Namibia,12 000 [9900 - 15 000],19 000 [16 000 - 23 000],29 000 [25 000 - 34 000],43 000 [38 000 - 49 000],60 000 [53 000 - 67 000],80 000 [73 000 - 89 000],100 000 [93 000 - 110 000],120 000 [110 000 - 140 000],140 000 [130 000 - 160 000],160 000 [150 000 - 170 000],170 000 [160 000 - 190 000],180 000 [170 000 - 200 000],180 000 [170 000 - 200 000],190 000 [170 000 - 200 000],190 000 [170 000 - 200 000],180 000 [170 000 - 200 000],190 000 [170 000 - 200 000],190 000 [180 000 - 200 000],190 000 [180 000 - 210 000],200 000 [180 000 - 210 000],200 000 [190 000 - 220 000],210 000 [200 000 - 230 000],250 000 [240 000 - 270 000],260 000 [240 000 - 280 000],260 000 [240 000 - 280 000]
Nepal,<100 [<100 - <100],<100 [<100 - <100],<200 [<200 - <200],<500 [<500 - <500],<1000 [<1000 - <1000],1700 [1500 - 1900],3600 [3300 - 4000],7400 [6700 - 8100],13 000 [12 000 - 15 000],20 000 [18 000 - 22 000],26 000 [24 000 - 29 000],32 000 [29 000 - 35 000],38 000 [34 000 - 41 000],42 000 [38 000 - 46 000],46 000 [41 000 - 50 000],48 000 [43 000 - 52 000],48 000 [43 000 - 52 000],48 000 [43 000 - 52 000],47 000 [43 000 - 51 000],46 000 [42 000 - 50 000],45 000 [41 000 - 49 000],43 000 [39 000 - 48 000],42 000 [38 000 - 46 000],41 000 [37 000 - 45 000],39 000 [35 000 - 43 000]
Nicaragua,4700 [2700 - 9300],5200 [3000 - 10 000],5900 [3400 - 11 000],6500 [3900 - 12 000],7300 [4500 - 12 000],8000 [5200 - 13 000],8800 [5700 - 14 000],9500 [6300 - 15 000],10 000 [6700 - 16 000],10 000 [7000 - 16 000],11 000 [7200 - 16 000],11 000 [7400 - 16 000],11 000 [7400 - 16 000],10 000 [7300 - 16 000],10 000 [7200 - 16 000],9800 [7100 - 15 000],9600 [6900 - 15 000],9400 [6900 - 15 000],9300 [6800 - 14 000],9200 [6800 - 14 000],9300 [6900 - 14 000],9400 [6900 - 14 000],9500 [7100 - 15 000],9800 [7300 - 15 000],10 000 [7600 - 15 000]
Niger,10 000 [6300 - 17 000],13 000 [8900 - 20 000],17 000 [12 000 - 24 000],21 000 [16 000 - 29 000],27 000 [21 000 - 35 000],33 000 [26 000 - 42 000],39 000 [32 000 - 49 000],46 000 [38 000 - 57 000],53 000 [45 000 - 64 000],60 000 [51 000 - 71 000],65 000 [56 000 - 77 000],70 000 [60 000 - 82 000],73 000 [63 000 - 85 000],75 000 [65 000 - 87 000],75 000 [66 000 - 87 000],75 000 [65 000 - 86 000],73 000 [64 000 - 84 000],70 000 [62 000 - 81 000],68 000 [60 000 - 78 000],65 000 [57 000 - 74 000],62 000 [55 000 - 71 000],59 000 [52 000 - 68 000],57 000 [50 000 - 65 000],54 000 [48 000 - 62 000],52 000 [46 000 - 59 000]
Nigeria,590 000 [380 000 - 810 000],710 000 [470 000 - 980 000],850 000 [570 000 - 1 200 000],1 000 000 [680 000 - 1 400 000],1 200 000 [820 000 - 1 600 000],1 400 000 [960 000 - 1 800 000],1 600 000 [1 100 000 - 2 000 000],1 800 000 [1 300 000 - 2 200 000],2 000 000 [1 500 000 - 2 400 000],2 200 000 [1 600 000 - 2 600 000],2 400 000 [1 800 000 - 2 800 000],2 500 000 [2 000 000 - 2 900 000],2 600 000 [2 100 000 - 3 000 000],2 800 000 [2 300 000 - 3 100 000],2 900 000 [2 400 000 - 3 200 000],3 000 000 [2 500 000 - 3 300 000],3 000 000 [2 600 000 - 3 400 000],3 100 000 [2 700 000 - 3 400 000],3 200 000 [2 800 000 - 3 500 000],3 200 000 [2 900 000 - 3 500 000],3 300 000 [2 900 000 - 3 600 000],3 300 000 [3 000 000 - 3 700 000],3 400 000 [3 000 000 - 3 700 000],3 400 000 [3 000 000 - 3 700 000],3 400 000 [3 100 000 - 3 700 000]
Norway,<1000 [<500 - <1000],<1000 [<500 - 1000],<1000 [<1000 - 1300],<1000 [<1000 - 1500],1100 [<1000 - 1700],1200 [<1000 - 1800],1400 [1100 - 2000],1600 [1300 - 2200],1800 [1400 - 2500],2000 [1600 - 2800],2200 [1700 - 3000],2400 [1900 - 3200],2600 [2100 - 3500],2900 [2300 - 3800],3100 [2500 - 4200],3400 [2700 - 4500],3600 [2900 - 4900],3900 [3100 - 5300],4200 [3300 - 5700],4500 [3500 - 6200],4800 [3700 - 6600],5000 [3800 - 7100],5300 [4000 - 7500],5600 [4200 - 8100],5800 [4400 - 8500]
Oman,<1000 [<500 - <1000],<1000 [<500 - <1000],<1000 [<500 - <1000],<1000 [<500 - <1000],<1000 [<500 - <1000],<1000 [<500 - 1000],<1000 [<500 - 1000],<1000 [<500 - 1100],<1000 [<1000 - 1100],<1000 [<1000 - 1200],<1000 [<1000 - 1200],1000 [<1000 - 1300],1100 [<1000 - 1400],1200 [<1000 - 1500],1300 [<1000 - 1600],1400 [<1000 - 1700],1500 [1100 - 1800],1600 [1100 - 2000],1700 [1200 - 2100],1800 [1300 - 2300],1900 [1400 - 2400],2000 [1400 - 2500],2100 [1500 - 2700],2200 [1500 - 2800],2400 [1600 - 3000]
Pakistan,<1000 [<500 - 1900],<1000 [<500 - 2300],<1000 [<1000 - 2800],1200 [<1000 - 3300],1500 [<1000 - 4000],1800 [1200 - 4700],2300 [1400 - 5500],2800 [1800 - 6500],3500 [2300 - 7800],4300 [2800 - 9100],5300 [3600 - 11 000],6500 [4600 - 12 000],8100 [5700 - 15 000],10 000 [7100 - 17 000],12 000 [8900 - 21 000],15 000 [11 000 - 25 000],19 000 [13 000 - 30 000],23 000 [16 000 - 37 000],29 000 [20 000 - 45 000],35 000 [25 000 - 54 000],43 000 [29 000 - 68 000],53 000 [36 000 - 85 000],64 000 [42 000 - 110 000],78 000 [49 000 - 140 000],94 000 [58 000 - 180 000]
Panama,3100 [1700 - 5900],3400 [2000 - 6300],3900 [2400 - 7000],4700 [3000 - 7900],6000 [4000 - 9400],7700 [5500 - 11 000],9800 [7400 - 14 000],12 000 [9200 - 16 000],14 000 [11 000 - 19 000],17 000 [13 000 - 21 000],18 000 [15 000 - 24 000],20 000 [16 000 - 25 000],20 000 [16 000 - 26 000],20 000 [16 000 - 26 000],20 000 [16 000 - 25 000],20 000 [16 000 - 25 000],19 000 [15 000 - 24 000],18 000 [15 000 - 23 000],18 000 [14 000 - 22 000],17 000 [14 000 - 22 000],17 000 [14 000 - 22 000],17 000 [13 000 - 22 000],16 000 [13 000 - 24 000],16 000 [13 000 - 24 000],17 000 [13 000 - 24 000]
Papua New Guinea,1300 [<1000 - 2100],2100 [1100 - 3500],3400 [1800 - 5300],5000 [2800 - 7800],7200 [4300 - 11 000],9700 [6100 - 14 000],13 000 [8500 - 17 000],16 000 [11 000 - 21 000],19 000 [15 000 - 24 000],23 000 [18 000 - 28 000],26 000 [21 000 - 31 000],29 000 [24 000 - 34 000],32 000 [27 000 - 37 000],33 000 [29 000 - 38 000],34 000 [30 000 - 39 000],35 000 [31 000 - 39 000],35 000 [31 000 - 39 000],35 000 [31 000 - 39 000],35 000 [31 000 - 39 000],35 000 [32 000 - 39 000],36 000 [32 000 - 39 000],36 000 [32 000 - 39 000],36 000 [32 000 - 39 000],36 000 [33 000 - 40 000],37 000 [34 000 - 41 000]
Paraguay,1600 [<1000 - 5500],1700 [<1000 - 6600],1900 [1100 - 7100],2000 [1200 - 7800],2300 [1400 - 8700],2500 [1600 - 9300],2800 [1800 - 9600],3100 [1900 - 10 000],3400 [2100 - 10 000],3700 [2300 - 11 000],4100 [2500 - 11 000],4500 [2800 - 12 000],5000 [3100 - 12 000],5500 [3500 - 13 000],6000 [3900 - 13 000],6700 [4400 - 14 000],7600 [5000 - 15 000],8500 [5700 - 16 000],9500 [6500 - 17 000],11 000 [7300 - 18 000],12 000 [8100 - 19 000],13 000 [8900 - 21 000],14 000 [10 000 - 30 000],15 000 [11 000 - 32 000],17 000 [12 000 - 32 000]
Peru,68 000 [58 000 - 80 000],70 000 [60 000 - 82 000],71 000 [61 000 - 84 000],73 000 [63 000 - 85 000],75 000 [64 000 - 87 000],77 000 [66 000 - 90 000],79 000 [68 000 - 92 000],81 000 [69 000 - 94 000],82 000 [71 000 - 95 000],83 000 [72 000 - 96 000],84 000 [73 000 - 97 000],84 000 [73 000 - 96 000],83 000 [72 000 - 96 000],83 000 [72 000 - 95 000],82 000 [71 000 - 94 000],80 000 [70 000 - 92 000],78 000 [68 000 - 90 000],77 000 [67 000 - 88 000],75 000 [65 000 - 86 000],74 000 [64 000 - 84 000],73 000 [63 000 - 84 000],73 000 [63 000 - 84 000],73 000 [62 000 - 84 000],72 000 [62 000 - 110 000],72 000 [61 000 - 100 000]
Philippines,<200 [<100 - 1700],<200 [<100 - 2300],<500 [<100 - 4100],<1000 [<100 - 6400],<1000 [<100 - 9000],1100 [<100 - 12 000],1400 [<200 - 16 000],1800 [<200 - 19 000],2200 [<500 - 23 000],2600 [<500 - 26 000],3000 [<1000 - 29 000],3400 [<1000 - 32 000],3900 [<1000 - 35 000],4500 [1000 - 39 000],5100 [1300 - 43 000],6000 [1700 - 49 000],7000 [2200 - 54 000],8300 [2800 - 61 000],10 000 [3800 - 71 000],13 000 [5400 - 83 000],17 000 [8600 - 86 000],21 000 [11 000 - 97 000],25 000 [15 000 - 110 000],30 000 [19 000 - 110 000],36 000 [21 000 - 100 000]
Republic of Moldova,<500 [<200 - 1200],<1000 [<500 - 1600],1100 [<500 - 2400],1600 [<1000 - 3300],2300 [1300 - 4100],3100 [1900 - 5100],4000 [2700 - 6100],5000 [3700 - 7300],6100 [4600 - 8500],7100 [5500 - 9600],8000 [6400 - 11 000],8800 [7200 - 12 000],9600 [7900 - 12 000],10 000 [8500 - 13 000],11 000 [9000 - 14 000],12 000 [9600 - 14 000],12 000 [10 000 - 15 000],13 000 [11 000 - 16 000],14 000 [12 000 - 17 000],14 000 [12 000 - 17 000],15 000 [13 000 - 18 000],16 000 [14 000 - 19 000],17 000 [14 000 - 20 000],17 000 [15 000 - 21 000],18 000 [15 000 - 21 000]
Russian Federation,,,,,,,,,,,,,,,,,,,,,,,,,[850 000 - 1 300 000]
Rwanda,130 000 [100 000 - 160 000],140 000 [120 000 - 170 000],160 000 [130 000 - 180 000],170 000 [140 000 - 190 000],180 000 [160 000 - 210 000],200 000 [170 000 - 230 000],220 000 [190 000 - 250 000],240 000 [220 000 - 270 000],260 000 [230 000 - 290 000],270 000 [240 000 - 300 000],260 000 [240 000 - 290 000],250 000 [230 000 - 280 000],240 000 [220 000 - 270 000],230 000 [210 000 - 260 000],220 000 [200 000 - 240 000],210 000 [190 000 - 240 000],210 000 [190 000 - 230 000],210 000 [190 000 - 230 000],210 000 [190 000 - 230 000],200 000 [190 000 - 220 000],210 000 [190 000 - 220 000],210 000 [190 000 - 230 000],210 000 [190 000 - 230 000],210 000 [190 000 - 230 000],210 000 [190 000 - 230 000]
Sao Tome and Principe,<200 [<100 - <1000],<500 [<100 - 1800],<1000 [<200 - 2300],<1000 [<200 - 2500],<1000 [<500 - 2600],<1000 [<500 - 2600],<1000 [<500 - 2500],1000 [<500 - 2500],1100 [<1000 - 2500],1200 [<1000 - 2600],1300 [<1000 - 2600],1300 [<1000 - 2600],1400 [<1000 - 2600],1400 [<1000 - 2600],1400 [<1000 - 2600],1400 [<1000 - 2500],1400 [<1000 - 2400],1400 [<1000 - 2400],1300 [<1000 - 2300],1300 [<1000 - 2200],1200 [<1000 - 2100],1100 [<1000 - 2000],1100 [<1000 - 1900],1000 [<1000 - 1800],1000 [<1000 - 1700]
Senegal,7400 [4800 - 11 000],8300 [5600 - 12 000],9400 [6500 - 13 000],11 000 [7800 - 15 000],13 000 [9300 - 17 000],15 000 [11 000 - 19 000],18 000 [14 000 - 23 000],21 000 [17 000 - 27 000],26 000 [20 000 - 32 000],31 000 [24 000 - 38 000],36 000 [29 000 - 44 000],41 000 [33 000 - 50 000],45 000 [37 000 - 55 000],49 000 [41 000 - 60 000],52 000 [43 000 - 63 000],53 000 [44 000 - 64 000],53 000 [44 000 - 64 000],52 000 [44 000 - 63 000],51 000 [43 000 - 62 000],50 000 [42 000 - 60 000],49 000 [41 000 - 58 000],49 000 [42 000 - 59 000],47 000 [40 000 - 57 000],46 000 [39 000 - 55 000],44 000 [37 000 - 53 000]
Sierra Leone,<500 [<100 - <1000],<1000 [<200 - 1400],1100 [<500 - 2400],1900 [<1000 - 3700],3100 [1400 - 5600],4900 [2400 - 8200],7200 [4000 - 12 000],10 000 [6100 - 15 000],14 000 [8900 - 19 000],18 000 [13 000 - 24 000],23 000 [17 000 - 29 000],28 000 [22 000 - 35 000],34 000 [28 000 - 41 000],40 000 [34 000 - 47 000],45 000 [39 000 - 53 000],49 000 [42 000 - 57 000],52 000 [45 000 - 60 000],54 000 [47 000 - 62 000],55 000 [48 000 - 63 000],55 000 [49 000 - 63 000],55 000 [49 000 - 63 000],55 000 [49 000 - 63 000],55 000 [49 000 - 63 000],55 000 [48 000 - 62 000],54 000 [47 000 - 61 000]
Slovenia,<100 [<100 - <100],<100 [<100 - <100],<100 [<100 - <100],<100 [<100 - <100],<100 [<100 - <200],<100 [<100 - <200],<200 [<100 - <200],<200 [<100 - <200],<200 [<100 - <500],<200 [<200 - <500],<200 [<200 - <500],<500 [<200 - <500],<500 [<200 - <500],<500 [<200 - <500],<500 [<500 - <500],<500 [<500 - <500],<500 [<500 - <500],<500 [<500 - <1000],<500 [<500 - <1000],<1000 [<500 - <1000],<1000 [<500 - <1000],<1000 [<500 - <1000],<1000 [<1000 - 1100],<1000 [<1000 - 1200],<1000 [<1000 - 1300]
Somalia,3100 [<500 - 11 000],4500 [<500 - 15 000],6300 [<1000 - 18 000],8500 [1600 - 21 000],11 000 [2500 - 23 000],14 000 [4000 - 27 000],17 000 [6000 - 30 000],20 000 [8300 - 33 000],23 000 [11 000 - 36 000],25 000 [13 000 - 39 000],27 000 [16 000 - 41 000],29 000 [18 000 - 42 000],30 000 [20 000 - 43 000],31 000 [22 000 - 43 000],32 000 [23 000 - 44 000],32 000 [24 000 - 44 000],33 000 [24 000 - 44 000],33 000 [24 000 - 44 000],33 000 [25 000 - 44 000],33 000 [25 000 - 44 000],34 000 [26 000 - 44 000],34 000 [26 000 - 44 000],34 000 [27 000 - 45 000],34 000 [27 000 - 45 000],35 000 [27 000 - 45 000]
South Africa,91 000 [80 000 - 100 000],200 000 [180 000 - 230 000],410 000 [360 000 - 460 000],730 000 [650 000 - 820 000],1 200 000 [1 100 000 - 1 300 000],1 700 000 [1 600 000 - 1 900 000],2 300 000 [2 100 000 - 2 600 000],2 900 000 [2 700 000 - 3 200 000],3 500 000 [3 200 000 - 3 800 000],4 000 000 [3 700 000 - 4 300 000],4 400 000 [4 100 000 - 4 800 000],4 800 000 [4 500 000 - 5 200 000],5 100 000 [4 800 000 - 5 500 000],5 300 000 [5 000 000 - 5 700 000],5 500 000 [5 200 000 - 5 900 000],5 700 000 [5 300 000 - 6 100 000],5 800 000 [5 500 000 - 6 300 000],6 000 000 [5 600 000 - 6 400 000],6 100 000 [5 800 000 - 6 600 000],6 200 000 [5 900 000 - 6 700 000],6 300 000 [5 900 000 - 6 700 000],6 400 000 [6 000 000 - 7 000 000],6 500 000 [6 100 000 - 7 100 000],6 700 000 [6 300 000 - 7 300 000],6 800 000 [6 500 000 - 7 500 000]
South Sudan,4500 [<100 - 36 000],7500 [<200 - 45 000],12 000 [<500 - 55 000],16 000 [<1000 - 60 000],22 000 [1500 - 60 000],28 000 [2100 - 58 000],36 000 [3600 - 65 000],45 000 [6800 - 74 000],54 000 [11 000 - 87 000],65 000 [16 000 - 99 000],75 000 [24 000 - 110 000],86 000 [32 000 - 120 000],96 000 [43 000 - 140 000],110 000 [54 000 - 150 000],120 000 [64 000 - 160 000],120 000 [77 000 - 170 000],130 000 [87 000 - 190 000],140 000 [95 000 - 200 000],150 000 [100 000 - 210 000],160 000 [110 000 - 220 000],170 000 [110 000 - 230 000],170 000 [120 000 - 240 000],180 000 [130 000 - 250 000],190 000 [130 000 - 260 000],190 000 [130 000 - 270 000]
Sri Lanka,<100 [<100 - <500],<200 [<100 - <500],<200 [<100 - <500],<200 [<100 - <500],<500 [<200 - <500],<500 [<200 - <1000],<500 [<200 - <1000],<500 [<500 - <1000],<1000 [<500 - <1000],<1000 [<500 - <1000],<1000 [<500 - 1000],<1000 [<500 - 1100],<1000 [<1000 - 1200],<1000 [<1000 - 1400],1100 [<1000 - 1600],1300 [<1000 - 1900],1500 [1000 - 2300],1700 [1200 - 2700],2000 [1400 - 3100],2200 [1600 - 3500],2400 [1700 - 3900],2600 [1900 - 4400],2900 [2000 - 4800],3100 [2200 - 5200],3300 [2300 - 5700]
Sudan,2200 [<1000 - 9100],2800 [<1000 - 11 000],3500 [<1000 - 13 000],4400 [1100 - 17 000],5500 [1500 - 20 000],6900 [2100 - 23 000],8300 [2700 - 25 000],10 000 [3300 - 28 000],12 000 [4200 - 31 000],14 000 [5400 - 33 000],17 000 [6900 - 36 000],20 000 [8500 - 40 000],23 000 [11 000 - 44 000],26 000 [13 000 - 47 000],29 000 [16 000 - 50 000],32 000 [19 000 - 52 000],34 000 [22 000 - 54 000],37 000 [25 000 - 57 000],39 000 [29 000 - 58 000],42 000 [32 000 - 59 000],45 000 [35 000 - 60 000],47 000 [38 000 - 60 000],49 000 [40 000 - 60 000],51 000 [41 000 - 64 000],53 000 [41 000 - 69 000]
Suriname,<500 [<100 - 1200],<1000 [<200 - 1400],<1000 [<500 - 1600],<1000 [<500 - 1800],1200 [<1000 - 2000],1400 [<1000 - 2200],1600 [1100 - 2500],1900 [1400 - 2700],2200 [1700 - 3000],2500 [2000 - 3300],2800 [2300 - 3600],3100 [2600 - 3900],3300 [2800 - 4000],3500 [3000 - 4100],3600 [3100 - 4200],3600 [3200 - 4200],3700 [3200 - 4200],3700 [3300 - 4200],3700 [3300 - 4200],3700 [3300 - 4200],3700 [3400 - 4200],3800 [3400 - 4300],3800 [3400 - 4300],3800 [3400 - 4300],3800 [3400 - 4300]
Swaziland,7200 [6100 - 8500],14 000 [12 000 - 16 000],24 000 [21 000 - 28 000],37 000 [32 000 - 43 000],52 000 [46 000 - 60 000],69 000 [61 000 - 77 000],85 000 [76 000 - 94 000],100 000 [90 000 - 110 000],110 000 [100 000 - 120 000],120 000 [110 000 - 130 000],130 000 [120 000 - 140 000],140 000 [130 000 - 150 000],150 000 [140 000 - 160 000],150 000 [140 000 - 160 000],160 000 [150 000 - 170 000],160 000 [150 000 - 170 000],170 000 [160 000 - 180 000],170 000 [160 000 - 180 000],180 000 [170 000 - 190 000],180 000 [180 000 - 190 000],190 000 [180 000 - 200 000],200 000 [190 000 - 210 000],200 000 [200 000 - 210 000],210 000 [200 000 - 220 000],210 000 [210 000 - 220 000]
Sweden,[2200 - 5400],[2700 - 6500],[3200 - 7600],[3700 - 8300],[4000 - 8600],[4200 - 8900],[4500 - 9100],[4700 - 9500],[5000 - 9700],[5200 - 9900],[5400 - 10 000],[5600 - 10 000],[5900 - 11 000],[6100 - 11 000],[6400 - 11 000],[6700 - 12 000],[7000 - 13 000],[7300 - 13 000],[7600 - 14 000],[7900 - 14 000],[8200 - 15 000],[8500 - 16 000],[8700 - 16 000],[9000 - 17 000],[10 000 - 19 000]
Syrian Arab Republic,<500 [<100 - <500],<500 [<100 - <500],<500 [<100 - <500],<500 [<100 - <1000],<500 [<100 - <1000],<500 [<100 - <1000],<500 [<100 - <1000],<500 [<100 - <1000],<500 [<100 - <1000],<500 [<100 - <1000],<500 [<100 - <1000],<500 [<100 - <1000],<1000 [<100 - <1000],<1000 [<100 - <1000],<1000 [<100 - 1000],<1000 [<100 - 1100],<1000 [<100 - 1200],<1000 [<100 - 1300],<1000 [<100 - 1400],<1000 [<100 - 1500],<1000 [<100 - 1500],<1000 [<100 - 1600],<1000 [<100 - 1600],<1000 [<100 - 1700],<1000 [<100 - 1700]
Tajikistan,<500 [<100 - 1200],<500 [<100 - 1700],<1000 [<100 - 2700],1100 [<100 - 4000],1700 [<200 - 5700],2500 [<500 - 7400],3500 [<500 - 8900],4700 [<1000 - 11 000],5900 [1100 - 12 000],7100 [1800 - 14 000],8100 [2600 - 14 000],8800 [3400 - 15 000],9400 [4300 - 15 000],9800 [5200 - 15 000],10 000 [6000 - 15 000],10 000 [6800 - 15 000],11 000 [7500 - 15 000],11 000 [8100 - 16 000],12 000 [8700 - 16 000],13 000 [9300 - 17 000],13 000 [10 000 - 17 000],14 000 [11 000 - 18 000],15 000 [11 000 - 19 000],16 000 [12 000 - 20 000],16 000 [12 000 - 21 000]
Thailand,240 000 [220 000 - 300 000],390 000 [350 000 - 430 000],510 000 [460 000 - 520 000],600 000 [570 000 - 630 000],670 000 [620 000 - 690 000],710 000 [640 000 - 740 000],740 000 [670 000 - 780 000],740 000 [680 000 - 790 000],730 000 [680 000 - 770 000],720 000 [690 000 - 750 000],710 000 [680 000 - 740 000],690 000 [660 000 - 720 000],660 000 [630 000 - 690 000],630 000 [590 000 - 660 000],590 000 [560 000 - 630 000],570 000 [530 000 - 600 000],550 000 [510 000 - 580 000],530 000 [500 000 - 570 000],520 000 [480 000 - 550 000],510 000 [470 000 - 540 000],490 000 [450 000 - 520 000],480 000 [440 000 - 510 000],470 000 [430 000 - 500 000],460 000 [420 000 - 500 000],450 000 [400 000 - 490 000]
Togo,23 000 [15 000 - 32 000],28 000 [19 000 - 38 000],33 000 [24 000 - 44 000],40 000 [30 000 - 52 000],47 000 [36 000 - 62 000],56 000 [43 000 - 72 000],65 000 [50 000 - 83 000],74 000 [58 000 - 94 000],83 000 [66 000 - 110 000],91 000 [73 000 - 110 000],99 000 [79 000 - 120 000],100 000 [84 000 - 130 000],110 000 [87 000 - 140 000],110 000 [90 000 - 140 000],110 000 [92 000 - 140 000],110 000 [93 000 - 140 000],120 000 [95 000 - 140 000],120 000 [96 000 - 140 000],120 000 [96 000 - 140 000],120 000 [96 000 - 140 000],120 000 [96 000 - 140 000],110 000 [96 000 - 140 000],110 000 [96 000 - 140 000],110 000 [95 000 - 140 000],110 000 [95 000 - 140 000]
Tunisia,<100 [<100 - <1000],<100 [<100 - <1000],<200 [<100 - <1000],<200 [<100 - <1000],<200 [<100 - <1000],<500 [<100 - <1000],<500 [<100 - <1000],<500 [<200 - <1000],<500 [<200 - <1000],<500 [<200 - 1000],<500 [<200 - 1100],<1000 [<500 - 1200],<1000 [<500 - 1300],<1000 [<500 - 1400],<1000 [<500 - 1600],<1000 [<500 - 1800],1100 [<1000 - 2000],1200 [<1000 - 2200],1400 [<1000 - 2400],1600 [<1000 - 2700],1800 [<1000 - 3000],2000 [1100 - 3300],2300 [1300 - 3600],2500 [1500 - 4000],2700 [1600 - 4400]
Uganda,1 100 000 [980 000 - 1 300 000],1 200 000 [1 100 000 - 1 300 000],1 200 000 [1 100 000 - 1 300 000],1 200 000 [1 100 000 - 1 300 000],1 200 000 [1 100 000 - 1 300 000],1 100 000 [1 000 000 - 1 300 000],1 100 000 [1 000 000 - 1 200 000],1 100 000 [980 000 - 1 200 000],1 000 000 [940 000 - 1 100 000],990 000 [910 000 - 1 100 000],960 000 [880 000 - 1 100 000],930 000 [860 000 - 1 000 000],920 000 [850 000 - 1 000 000],920 000 [850 000 - 1 000 000],930 000 [860 000 - 1 000 000],960 000 [890 000 - 1 100 000],1 000 000 [930 000 - 1 100 000],1 100 000 [980 000 - 1 100 000],1 100 000 [1 000 000 - 1 200 000],1 200 000 [1 100 000 - 1 300 000],1 200 000 [1 200 000 - 1 300 000],1 300 000 [1 200 000 - 1 500 000],1 400 000 [1 300 000 - 1 700 000],1 400 000 [1 300 000 - 1 700 000],1 500 000 [1 400 000 - 1 800 000]
Ukraine,21 000 [13 000 - 35 000],26 000 [17 000 - 41 000],33 000 [23 000 - 48 000],43 000 [32 000 - 59 000],56 000 [43 000 - 73 000],74 000 [59 000 - 93 000],96 000 [79 000 - 120 000],120 000 [100 000 - 150 000],150 000 [130 000 - 170 000],170 000 [150 000 - 200 000],200 000 [170 000 - 230 000],220 000 [200 000 - 260 000],250 000 [220 000 - 280 000],270 000 [240 000 - 300 000],280 000 [250 000 - 320 000],290 000 [260 000 - 330 000],300 000 [270 000 - 340 000],310 000 [270 000 - 350 000],310 000 [280 000 - 350 000],310 000 [270 000 - 350 000],310 000 [270 000 - 350 000],300 000 [270 000 - 350 000],300 000 [270 000 - 340 000],300 000 [260 000 - 340 000],290 000 [260 000 - 340 000]
United Republic of Tanzania,640 000 [560 000 - 730 000],760 000 [660 000 - 870 000],870 000 [760 000 - 1 000 000],990 000 [860 000 - 1 100 000],1 100 000 [950 000 - 1 200 000],1 200 000 [1 000 000 - 1 300 000],1 200 000 [1 100 000 - 1 400 000],1 300 000 [1 200 000 - 1 500 000],1 400 000 [1 200 000 - 1 500 000],1 400 000 [1 200 000 - 1 600 000],1 400 000 [1 300 000 - 1 600 000],1 400 000 [1 300 000 - 1 600 000],1 500 000 [1 300 000 - 1 600 000],1 500 000 [1 300 000 - 1 600 000],1 500 000 [1 300 000 - 1 600 000],1 500 000 [1 300 000 - 1 600 000],1 500 000 [1 300 000 - 1 600 000],1 500 000 [1 300 000 - 1 600 000],1 500 000 [1 300 000 - 1 600 000],1 500 000 [1 300 000 - 1 600 000],1 500 000 [1 300 000 - 1 600 000],1 500 000 [1 300 000 - 1 600 000],1 500 000 [1 300 000 - 1 600 000],1 500 000 [1 300 000 - 2 000 000],1 500 000 [1 300 000 - 1 900 000]
Uruguay,<1000 [<200 - 1600],1300 [<500 - 2100],1800 [<1000 - 2800],2400 [1000 - 3600],2900 [1600 - 4100],3500 [2200 - 4900],4200 [2800 - 5800],5100 [3500 - 6800],6100 [4300 - 8100],7300 [5300 - 9600],8600 [6300 - 11 000],9900 [7500 - 13 000],11 000 [8600 - 14 000],12 000 [9700 - 15 000],13 000 [11 000 - 17 000],14 000 [11 000 - 17 000],15 000 [12 000 - 18 000],15 000 [12 000 - 18 000],15 000 [12 000 - 18 000],15 000 [12 000 - 18 000],15 000 [12 000 - 17 000],15 000 [12 000 - 18 000],14 000 [12 000 - 17 000],14 000 [12 000 - 17 000],14 000 [12 000 - 17 000]
Uzbekistan,<100 [<100 - 1000],<100 [<100 - 1200],<500 [<100 - 1500],<500 [<200 - 1900],1000 [<500 - 2500],2100 [<1000 - 4000],3600 [1600 - 6200],5800 [3000 - 9700],9100 [5300 - 14 000],13 000 [8600 - 20 000],18 000 [13 000 - 27 000],24 000 [17 000 - 34 000],30 000 [22 000 - 41 000],35 000 [26 000 - 46 000],39 000 [30 000 - 50 000],41 000 [33 000 - 52 000],43 000 [34 000 - 54 000],43 000 [35 000 - 54 000],43 000 [35 000 - 53 000],42 000 [34 000 - 52 000],40 000 [33 000 - 50 000],38 000 [31 000 - 47 000],36 000 [29 000 - 45 000],34 000 [28 000 - 42 000],32 000 [26 000 - 40 000]
Venezuela (Bolivarian Republic of),1800 [<1000 - 3300],2900 [1000 - 5600],4600 [1500 - 9100],7000 [2700 - 13 000],10 000 [4200 - 19 000],15 000 [6000 - 26 000],20 000 [8400 - 34 000],26 000 [10 000 - 44 000],32 000 [13 000 - 54 000],38 000 [15 000 - 63 000],44 000 [18 000 - 72 000],50 000 [20 000 - 82 000],56 000 [22 000 - 92 000],62 000 [25 000 - 100 000],68 000 [27 000 - 110 000],73 000 [29 000 - 120 000],78 000 [31 000 - 130 000],83 000 [33 000 - 140 000],87 000 [35 000 - 140 000],91 000 [37 000 - 150 000],95 000 [39 000 - 160 000],99 000 [40 000 - 160 000],100 000 [42 000 - 170 000],100 000 [43 000 - 170 000],110 000 [43 000 - 180 000]
Viet Nam,<500 [<500 - <500],<1000 [<1000 - <1000],1500 [1300 - 1600],3100 [2800 - 3400],6400 [5800 - 7000],13 000 [11 000 - 14 000],24 000 [21 000 - 26 000],40 000 [36 000 - 43 000],59 000 [53 000 - 64 000],79 000 [72 000 - 87 000],100 000 [90 000 - 110 000],120 000 [110 000 - 130 000],140 000 [120 000 - 150 000],150 000 [140 000 - 170 000],170 000 [150 000 - 180 000],180 000 [160 000 - 200 000],190 000 [170 000 - 210 000],200 000 [180 000 - 220 000],210 000 [190 000 - 230 000],220 000 [200 000 - 240 000],230 000 [200 000 - 250 000],230 000 [210 000 - 260 000],240 000 [220 000 - 270 000],250 000 [220 000 - 270 000],250 000 [220 000 - 280 000]
Yemen,<1000 [<200 - 1700],1100 [<500 - 2000],1300 [<500 - 2300],1500 [<500 - 2700],1700 [<500 - 2900],1900 [<1000 - 3100],2100 [<1000 - 3300],2200 [<1000 - 3500],2400 [<1000 - 3700],2600 [<1000 - 3900],2800 [1100 - 4200],3000 [1300 - 4400],3200 [1400 - 4700],3400 [1600 - 5100],3700 [1900 - 5400],3900 [2200 - 5700],4200 [2400 - 6000],4500 [2700 - 6400],4800 [3000 - 6800],5100 [3300 - 7300],5500 [3600 - 7900],5900 [3900 - 8600],6300 [4200 - 9400],6700 [4500 - 10 000],7200 [4800 - 11 000]
Zambia,530 000 [450 000 - 620 000],570 000 [490 000 - 650 000],600 000 [530 000 - 670 000],630 000 [570 000 - 700 000],660 000 [600 000 - 730 000],690 000 [630 000 - 760 000],730 000 [660 000 - 790 000],760 000 [690 000 - 820 000],780 000 [720 000 - 840 000],810 000 [750 000 - 870 000],830 000 [770 000 - 890 000],850 000 [790 000 - 910 000],860 000 [800 000 - 920 000],880 000 [820 000 - 930 000],890 000 [830 000 - 950 000],900 000 [850 000 - 960 000],920 000 [860 000 - 980 000],940 000 [880 000 - 1 000 000],970 000 [910 000 - 1 000 000],1 000 000 [940 000 - 1 100 000],1 000 000 [970 000 - 1 100 000],1 100 000 [1 000 000 - 1 100 000],1 100 000 [1 000 000 - 1 200 000],1 100 000 [1 100 000 - 1 200 000],1 200 000 [1 100 000 - 1 200 000]
Zimbabwe,580 000 [530 000 - 630 000],780 000 [730 000 - 840 000],1 000 000 [940 000 - 1 100 000],1 200 000 [1 100 000 - 1 300 000],1 400 000 [1 300 000 - 1 500 000],1 600 000 [1 500 000 - 1 700 000],1 700 000 [1 600 000 - 1 800 000],1 800 000 [1 700 000 - 1 900 000],1 900 000 [1 800 000 - 2 000 000],1 900 000 [1 800 000 - 2 000 000],1 900 000 [1 800 000 - 2 000 000],1 900 000 [1 800 000 - 2 000 000],1 800 000 [1 700 000 - 1 900 000],1 700 000 [1 600 000 - 1 800 000],1 700 000 [1 600 000 - 1 700 000],1 600 000 [1 500 000 - 1 700 000],1 500 000 [1 400 000 - 1 600 000],1 400 000 [1 400 000 - 1 500 000],1 400 000 [1 300 000 - 1 500 000],1 400 000 [1 300 000 - 1 500 000],1 400 000 [1 300 000 - 1 500 000],1 400 000 [1 400 000 - 1 500 000],1 500 000 [1 400 000 - 1 500 000],1 500 000 [1 400 000 - 1 600 000],1 600 000 [1 500 000 - 1 600 000]
Total,9 000 000 [7 800 000 - 10 300 000],10 700 000 [9 500 000 - 12 300 000],12 700 000 [11 200 000 - 14 300 000],14 700 000 [13 100 000 - 16 600 000],17 000 000 [15 200 000 - 19 000 000],19 300 000 [17 400 000 - 21 400 000],21 600 000 [19 500 000 - 23 900 000],23 800 000 [21 600 000 - 26 100 000],25 700 000 [23 400 000 - 28 100 000],27 300 000 [25 000 000 - 29 800 000],28 600 000 [26 400 000 - 31 200 000],29 700 000 [27 500 000 - 32 200 000],30 500 000 [28 300 000 - 33 000 000],31 200 000 [28 900 000 - 33 700 000],31 600 000 [29 400 000 - 34 100 000],32 000 000 [29 900 000 - 34 500 000],32 400 000 [30 200 000 - 34 900 000],32 900 000 [30 600 000 - 35 400 000],33 300 000 [31 100 000 - 35 800 000],33 800 000 [31 600 000 - 36 400 000],34 400 000 [32 100 000 - 36 900 000],34 900 000 [32 600 000 - 38 100 000],35 600 000 [33 200 000 - 39 000 000],36 200 000 [33 800 000 - 40 800 000],36 900 000 [34 300 000 - 41 400 000]